Model,Train_RMSE,Test_RMSE,Train_MAE,Test_MAE,Train_R2,Test_R2
Random Forest (Baseline),0.4241220294577661,1.2224266654798652,0.3346613232197222,0.962844667667494,0.8922726247193693,0.09284865860221947
Random Forest (Hypertuned),0.7842507531780927,1.2095537348435434,0.6340190944147006,0.9554406989761739,0.631655401364941,0.11185382240656272
